customerId,name,phoneNumber,email
11509,Lyndon Hennel,(604)220-4137,lyn.hen1956@gmail.com
10601,Lorrie Woolslayer,(431)459-1155,lor2319@yahoo.com
11408,Burton Kufel,(867)334-3131,kufel1962@aol.com
10270,Shelby Canelas,(250)881-6751,shelbycanelas158@aol.com
10670,Hugo Sylte,(604)596-4010,hugosy@msn.com
11458,Myra Ketchens,(867)312-2539,my2059@outlook.com
13062,Alfreda Weckel,(236)989-1162,alfredaweckel381@msn.com
11228,Silas Chabarria,(902)401-8012,silaschabarria@outlook.com
11000,Horace Buensuceso,(782)924-4157,buensuceso1986@yahoo.com
11973,Brandy Williman,(672)819-4025,bra.will1972@yahoo.ca
14857,Elige Milczarek,(647)977-4428,elmilc@msn.com
10988,Kadin Langdale,(438)424-7309,kalang@yahoo.ca
14449,Nina Sang,(365)285-8907,ninasa@hotmail.com
11688,Beth Linzer,(250)644-4948,be.lin1965@yahoo.ca
11147,Nikki Basket,(709)238-4158,basket1979@aol.com
10031,Loren Siracuse,(368)604-8282,lorensira@outlook.com
13925,Leeann Barfknecht,(639)265-6812,leeannbarfknecht@outlook.com
12384,Merna Lae,(867)325-5748,me2014@gmail.com
13565,Ursula Lueking,(418)251-8483,urslue@msn.com
14856,Bert Wolhart,(902)697-2157,bertwolhart536@live.com
14641,Jacob Leavey,(683)662-7583,jacob2728lea@msn.com
11701,Tawana Schnitzer,(437)924-6578,tawanaschnitzer@yahoo.com
10193,Alberta Zapinski,(587)401-3816,alb.zapi1966@aol.com
10216,Vaughn Makishima,(514)501-8046,vaughnmaki@hotmail.com
11450,Enrique Cassinelli,(343)852-7823,cassinelli1969@msn.com
14014,Lennie Perron,(431)272-9636,len725@yahoo.ca
11030,Cleo Salonen,(705)469-6900,cleo943sal@live.com
12956,Leona Keneipp,(514)579-2163,le1565@yahoo.ca
10724,Myrtle Minerd,(416)363-5072,myrtle1829min@msn.com
10516,Vera Staffney,(902)367-1996,ve.staf2003@gmail.com
10070,Serena Behnke,(613)632-4534,ser.beh2008@yahoo.com
12799,Zelda Cattau,(584)495-6558,cattau2000@hotmail.com
13833,Lessie Bendell,(780)869-9122,lessieben@msn.com
13152,Broderick Douget,(236)765-2925,broderick1215dou@aol.com
12379,Myra Werger,(867)226-9703,werger1978@hotmail.com
14583,Verne Stoutamire,(709)258-8193,vernestoutamire@live.com
12658,Hattie Metta,(519)713-6228,hattieme@outlook.com
13444,Marlene Ene,(431)302-6592,ene1990@live.com
12849,Aric Juszczyk,(807)575-2944,ar.jusz1971@live.com
10127,Dax Monzon,(672)585-2998,d1606@gmail.com
10938,Rosia Madi,(416)351-1836,ro.ma1952@yahoo.ca
10213,Sonny Ameele,(825)643-8352,sonnyameele1858@yahoo.ca
13275,Ines Keafer,(306)863-3615,ines.kea@outlook.com
13564,Claudia Hunsecker,(807)704-2880,clahuns@live.com
13086,Lorenza Lahrs,(579)634-9479,lorenzalahrs@yahoo.com
11136,Prince Ades,(450)933-6417,princeades12@live.com
12395,Pete Hemp,(354)830-3484,hemp1975@aol.com
12555,Eboni Zahar,(506)432-6090,ebza@msn.com
11729,Cedric Gryga,(867)511-2394,cedricgryga@yahoo.com
11262,Matt Onsgard,(819)354-6064,ma1619@msn.com
10402,Della Havird,(367)646-4376,de.hav1951@yahoo.com
14467,Elinor Anderko,(519)883-6220,anderko1961@yahoo.com
14527,Tina Lethcoe,(450)471-6967,ti1930@outlook.com
10204,Latrell Pravecek,(474)453-1578,latrell1670prav@msn.com
12111,Aurelia Albracht,(778)260-2975,albracht1996@gmail.com
10959,Laron Scartozzi,(782)642-9969,la2182@yahoo.com
11327,Martha Macmullin,(587)884-7048,marthamacm@msn.com
11773,Dena Krohmer,(867)692-8130,dena426kro@aol.com
11361,Latrice Vandivner,(581)347-3738,latvand@msn.com
14382,Ira Easson,(807)762-7830,iraeasson@hotmail.com
12176,Jeannie Bacile,(579)613-5328,jeannie.bac@yahoo.ca
12740,Juliette Cira,(672)612-4938,juli1985@outlook.com
11858,Sherryl Kuske,(343)681-9459,she1777@outlook.com
10906,Chance Mckeithan,(587)558-6983,chancemcke@aol.com
12071,Kaylee Rambus,(867)968-8620,kayleerambus@aol.com
13927,Matthew Maidl,(249)623-2837,matthewmaidl@msn.com
11284,Edmonia Vantuyle,(367)658-4007,edmoniavantuyle@msn.com
14458,Kirk Bomia,(873)454-4098,kirk.bo@yahoo.ca
13820,William Breitner,(250)518-8085,wilbrei@gmail.com
11653,Vera Tabassum,(468)267-6082,tabassum1967@aol.com
13783,Blair Lepes,(705)805-3468,blair.le@aol.com
13404,Abel Scobell,(437)377-6226,abel1206sco@yahoo.com
10022,Sim Kirklin,(519)959-2338,simkir@gmail.com
10232,Claire Bastidas,(519)610-4987,clairebastidas@yahoo.com
13492,Calvin Krafka,(905)424-2857,calvin902kra@gmail.com
12181,Missouri Kikuta,(778)963-2655,miss.kik2007@yahoo.ca
11854,Eugenia Mahaney,(437)227-6923,eugenia.mah@aol.com
11120,Lela Kornberg,(780)772-1016,le2632@yahoo.com
14858,Marietta Lamasters,(672)526-7719,mari2060@aol.com
12930,Boyce Staph,(548)526-5498,boyce2968st@gmail.com
12310,Deane Caluori,(581)883-6359,deane1737cal@live.com
11336,Nina Brunton,(263)557-7549,ninabrunton@yahoo.ca
13700,Kirk Gudknecht,(263)699-1446,ki2445@yahoo.ca
10742,Amos Dunwiddie,(604)741-8641,amos889dunw@yahoo.ca
14970,Adeline Trevizo,(705)362-5463,adetre@yahoo.com
10185,Hallie Forkner,(873)547-8177,halfor@gmail.com
10639,Adelina Coones,(709)971-4232,ade.coo1953@live.com
10981,Taylor Height,(416)236-4967,tayhei@aol.com
14127,Lou Mistal,(587)998-4835,lou2093mis@outlook.com
12546,Trace Fatovic,(639)705-5191,tr.fat1969@aol.com
13697,Rita Ginnetti,(306)396-7693,ritaginn@hotmail.com
13474,Chas Markson,(367)286-2553,chasmar@gmail.com
12260,Janette Teninty,(306)409-6653,janetteteninty@aol.com
12532,Jerold Lahl,(672)453-7705,jer1043@gmail.com
14487,Isidor Klundt,(437)221-7684,isidorklundt@live.com
14743,Olin Riccardi,(902)648-7044,olin2546ricc@live.com
13883,Lydia Oshodi,(867)572-5645,lydiaosh@gmail.com
10319,Graciela Zeccola,(365)352-9058,zeccola1984@msn.com
12961,Royce Sherry,(263)565-6597,royceshe@msn.com
14894,Antone Ringham,(236)679-2150,antoneringham2583@aol.com
13625,Oral Moch,(519)598-3324,oralmoch@hotmail.com
14635,Dominick Tobian,(474)289-2116,tobian1970@msn.com
10880,Louise Balice,(365)316-5856,louisebal@live.com
14252,Armand Desautels,(867)233-4079,desautels1963@yahoo.com
11035,Lavada Marciel,(587)457-7420,lavadamarciel@aol.com
10300,Willie Verrier,(343)556-9460,willieverrier86@yahoo.ca
14867,Theodora Terranova,(418)723-7998,terranova1994@yahoo.com
11045,Zora Garlitos,(204)784-8034,zo2518@aol.com
13406,Josephine Lemery,(437)448-5560,lemery1984@gmail.com
14498,Marissa Vanderver,(905)819-1242,marissa1663vand@msn.com
11580,Carol Durrah,(780)784-5328,caroldur@live.com
11656,Jamari Witwer,(709)499-4466,jam.wit2010@aol.com
12558,Jenny Wodke,(780)473-5019,jewo@hotmail.com
14332,Jaiden Scherck,(250)927-4520,jai1978@gmail.com
12100,Felix Vanderven,(514)932-9508,felixvanderven1534@gmail.com
11867,Elida Vetters,(514)455-6650,elidavet@yahoo.ca
10091,Clinton Landrum,(416)714-4751,cli2016@outlook.com
12087,Julien Bonnot,(519)967-1685,julbon@aol.com
11619,Clarissa Swartzwelder,(742)275-7688,clarissaswartzwelder@hotmail.com
10265,Quentin Keldsen,(587)798-5573,quentinkel@hotmail.com
12768,Shalonda Rugnetta,(782)878-9673,shalondarugnetta1315@aol.com
11304,Tilda Iaea,(437)352-3673,tildaiaea@outlook.com
13222,Alina Keates,(647)216-7331,alinakeates54@outlook.com
12631,Sadie Wonderlich,(742)801-9153,wonderlich2001@live.com
14646,Antionette Lagon,(742)414-1582,lagon2003@outlook.com
11423,Gilbert Margues,(778)922-8534,gil.mar1982@hotmail.com
12541,Loyd Krautbauer,(782)997-6804,loydkrautbauer@yahoo.com
12597,Angel Fahl,(825)966-4938,angelfa@yahoo.ca
10728,Reba Raczka,(867)825-4197,re.rac1990@yahoo.ca
11463,Leora Davignon,(902)920-8622,leoradavi@yahoo.com
10089,Abbey Lenser,(581)772-6015,abbeylenser2667@aol.com
13293,Keith Stuyvesant,(782)341-2084,keithstuyvesant260@aol.com
11331,Levar Eckerle,(742)205-1553,levareckerle309@outlook.com
14952,Ivory Ragland,(506)562-2736,ivoryragland@yahoo.com
12936,Rhoda Bink,(782)647-1594,rh.bi1973@outlook.com
12827,Genevieve Dreesen,(579)625-9055,genevievedreesen1300@yahoo.com
10010,Amelia Vanvoast,(474)577-3802,amelia357vanv@yahoo.ca
10153,Cary Conry,(306)809-1721,cary.co@aol.com
12911,Kolton Wilding,(753)668-3998,wilding2002@hotmail.com
12525,Noe Ausec,(873)976-5636,noe.au@outlook.com
13010,Elda Brandyberry,(780)266-2535,eldabrandyberry1958@hotmail.com
11642,Rashad Pruzansky,(873)428-9099,rashadpruz@yahoo.com
11129,Elida Frymark,(705)652-2959,elidafrymark@outlook.com
13448,Bernadette Holzschuh,(705)231-1286,bernadette216holz@outlook.com
14110,Iva Larrinaga,(807)351-1267,larrinaga1968@aol.com
13788,Elvis Rouhier,(705)359-9599,elvis.rou@gmail.com
14644,Kathryn Forerd,(867)987-3706,katfor@hotmail.com
11112,Emmanuel Speckhart,(639)260-7398,emma.spec2006@yahoo.com
14180,Rubi Possert,(647)255-7673,rubi1479pos@hotmail.com
13826,Gilberto Batista,(226)678-9140,gilbertobat@yahoo.ca
13393,Gladis Sapp,(403)337-1154,gla.sa1980@yahoo.com
11210,Bethel Phongsa,(306)811-9854,bethelpho@outlook.com
13632,Ramon Urquijo,(519)532-4049,ra373@outlook.com
14531,Leatha Hauglid,(403)231-2186,lea.hau1976@msn.com
11229,Emma Kobie,(867)679-8359,em404@yahoo.ca
13269,Bertram Vitt,(306)469-9020,bervi@live.com
11150,Linda Circello,(683)979-4318,linda.circ@yahoo.com
13719,Gonzalo Press,(647)872-7729,gon.pr1966@yahoo.ca
10544,Emily Henniger,(306)548-4403,emily2333henn@live.com
10356,Casey Bediako,(584)256-5403,caseybed@msn.com
13429,Jenifer Holloway,(742)555-5121,jenholl@outlook.com
13382,Kristie Kerlick,(431)537-7213,kristie2356ker@yahoo.com
10735,Zelia Lawell,(867)519-8644,zelialawell@outlook.com
13510,Crystal Klevan,(782)574-1855,cry.kle1979@yahoo.ca
11292,Cathryn Ohashi,(365)419-7047,catoha@msn.com
13369,Estell Sunken,(742)787-8272,est2682@hotmail.com
12265,Durward Allec,(354)901-7855,dur298@aol.com
12195,Florene Aken,(780)825-3383,floreneaken@yahoo.ca
10944,Marcella Jussel,(902)761-3138,marcellajussel1712@yahoo.com
14372,Jeramy Lalancette,(902)263-7585,jeramy.lalan@outlook.com
14581,Clark Glasco,(365)865-7205,clark.gla@outlook.com
10087,Chadrick Aranki,(807)392-2296,chadrickaranki1506@yahoo.ca
13420,Krysta Westlie,(742)924-5070,krysta.wes@outlook.com
13615,Verna Aucone,(742)266-5998,veauc@yahoo.ca
11332,Andrea Wean,(807)265-6185,and807@msn.com
13960,Conrad Kenward,(204)913-9572,conradken@yahoo.ca
13917,Lorena Corolla,(778)475-3687,lorcor@aol.com
11733,Weston Moellendorf,(250)365-4536,wes537@hotmail.com
11887,Lauretta Liy,(705)969-8781,lauretta.l@live.com
11870,Eldora Buus,(474)284-4040,eld.bu2002@live.com
12436,Audrey Gershon,(437)418-6990,audreyger@hotmail.com
14763,Pablo Woolcock,(579)534-4664,woolcock1971@outlook.com
14027,Yoshiko Tonder,(819)670-1212,yoshikotonder@live.com
12645,Lee Egloff,(753)704-7480,leeegloff2774@msn.com
12548,Peter Heiberg,(431)494-9105,pe412@aol.com
12816,Dominick Autorino,(604)579-2176,dominick.auto@msn.com
11984,Loretto Agosta,(514)419-9077,lor.ago1969@yahoo.ca
12256,Dion Demerse,(437)383-3015,di182@gmail.com
14985,Brandi Goelz,(705)680-1902,brandigoelz@yahoo.com
14121,Lester Confrey,(807)910-7313,lester.con@yahoo.ca
11504,Rudolph Filler,(709)597-6835,filler1992@gmail.com
11169,Salina Lyne,(367)315-6988,sally@yahoo.com
10074,Helene Weatherred,(742)733-1936,heleneweatherred@outlook.com
13773,Duncan Dubman,(431)602-1428,duncandubman@outlook.com
14345,Geralyn Cansler,(418)946-5402,geralyncan@msn.com
12819,Duane Rowls,(778)429-7519,duanero@outlook.com
13253,Joanna Tari,(867)254-6595,joannatari@live.com
10964,Katrina Tyszko,(468)867-2913,katrinatyszko1860@live.com
13570,Annetta Korich,(506)341-1995,annetta.kor@outlook.com
11790,Micaela Elhaj,(705)530-1361,mic1844@yahoo.com
14546,Hobert Virchow,(780)665-8259,hobert2854vir@msn.com
14047,Odis Depaolis,(226)256-5526,odis.depa@hotmail.com
12029,Glenna Foman,(825)307-2013,glenna1449fo@hotmail.com
12610,Gay Schwindenhammer,(403)657-6294,gay.schwind@aol.com
11164,Deon Eikner,(604)997-1016,deeik@aol.com
10152,Etta Awawdeh,(250)392-8114,etta1087awa@yahoo.com
13735,Randle Morwood,(780)481-9591,ran485@yahoo.com
10676,James Etim,(226)459-6828,ja1067@yahoo.ca
10123,Cathryn Leckrone,(647)341-5282,cat1207@hotmail.com
12488,Mercedes Evanko,(873)826-6927,mercedesevanko@gmail.com
13148,Raymond Betterton,(639)542-6190,raybett@msn.com
12112,Early Beimler,(639)566-9692,early.bei@gmail.com
11476,Alexandra Dubos,(709)813-7992,alexandradubos1491@msn.com
10076,Lorrie Manlangit,(548)720-2189,lorrie.manl@yahoo.com
14825,Alma Crewell,(474)348-2162,almacre@outlook.com
13866,Ira Suchyta,(683)688-9717,i527@live.com
13487,Glenda Hodas,(819)890-2481,glendaho@gmail.com
12468,Bennie Godinho,(368)984-2584,bennie.god@aol.com
10565,Delmar Rudduck,(403)929-9212,rudduck1990@yahoo.ca
13383,Lyla Shakib,(431)880-5409,lysha@live.com
12638,Rowena Pletz,(418)398-4468,rowenapletz1822@live.com
13009,Chad Gart,(519)569-9577,gart2007@gmail.com
13752,Francisco Auvil,(587)794-1055,auvil2005@gmail.com
14244,Verner Constantino,(587)308-3408,verner.const@aol.com
14290,Willis Olivella,(905)286-9333,wil.oliv1971@yahoo.com
14689,Pablo Moncibais,(354)981-8029,pamonc@hotmail.com
11959,Lynette Cotherman,(226)707-6031,cotherman1957@hotmail.com
11975,Jeromy Kaprielian,(613)766-3586,jer1826@gmail.com
10142,Lenora Schlobohm,(753)743-3014,lenoraschlobohm2225@gmail.com
11036,Vera Ebers,(249)349-9177,veraebers@hotmail.com
11160,Lauryn Monte,(438)804-5607,laumo@gmail.com
13017,Wilbert Szymaszek,(403)804-5884,wilbertszymaszek@yahoo.com
14729,Kathleen Bighorse,(867)619-8856,kathleenbigh@yahoo.ca
11625,Henry Bitsui,(579)492-2889,he25@outlook.com
12681,Elvina Michelli,(613)582-9172,elvinamichelli@gmail.com
10837,Gale Austinson,(819)284-2210,gaaust@yahoo.com
11879,Reed Jiminez,(438)713-2710,reedjim@yahoo.ca
14683,Katy Trauger,(782)429-5274,ka2603@yahoo.com
12490,Mckinley Mccaskey,(753)901-1138,mckinleymccaskey@gmail.com
12535,Domenic Kerens,(780)510-1600,domenickerens766@yahoo.ca
10750,Shiela Chrysler,(289)838-7900,shielachrysler@gmail.com
14352,Corrine Kleba,(867)449-5720,corrinekleba1008@yahoo.ca
11208,Haven Cartiedge,(782)517-4875,havencartiedge@yahoo.ca
11758,Enoch Lettera,(867)503-4359,enochlettera@aol.com
12926,Tarik Denslow,(289)336-1355,taden@yahoo.com
10518,Bret Sitlinger,(506)908-6377,br2230@yahoo.com
12459,Antionette Darnell,(873)959-7715,antio1012@live.com
12307,Stewart Dennany,(709)679-1710,stewartdennany38@msn.com
14698,Walker Garduno,(780)414-6695,walker.gar@hotmail.com
13949,Elwin Ochiai,(437)801-2670,el1140@yahoo.com
13816,Clementine Verburg,(613)745-7187,cleme.ver1968@gmail.com
13278,Norbert Gundrum,(647)709-6982,nor.gun1966@aol.com
11800,Ephriam Baler,(506)210-9191,ephriambaler@gmail.com
12511,Thelma Gleissner,(416)986-8143,the.glei1988@outlook.com
10206,Serena Hausler,(365)940-3543,serhau@gmail.com
10826,Mitchell Carre,(639)826-7810,mitchellcarre@live.com
10781,Renita Jawed,(263)673-2504,renja@msn.com
10345,Alphonse Korosec,(709)692-8076,alphonse2632kor@live.com
12079,Verne Reine,(753)338-3341,vernereine@yahoo.ca
14409,Marolyn Drosche,(902)555-1164,marolyn.dro@msn.com
12668,Bud Crapps,(613)254-5450,bud.cra@gmail.com
14474,Mikel Grewell,(782)990-6306,mikel2935gre@aol.com
13331,Diana Stranathan,(468)226-4664,dianastranathan484@aol.com
12405,Elmo Schray,(825)798-1078,el.sch2001@gmail.com
12305,Garry Abhold,(604)695-3402,abhold1983@msn.com
10581,Una Majercik,(506)493-9923,una497maje@hotmail.com
10455,Bennie Kadlec,(548)358-4642,kadlec1972@gmail.com
14214,Hiram Venticinque,(782)719-2734,hiventi@outlook.com
13354,Theo Klitzner,(581)327-8027,klitzner2009@live.com
10078,Rebecca Scale,(418)482-5094,scale1973@hotmail.com
11957,Dallas Sabatello,(468)701-6870,dallassaba@hotmail.com
14700,Rocco Pults,(468)684-3471,roccopults731@live.com
11040,Pennie Grigoli,(825)919-7316,penniegrigoli1314@gmail.com
14620,Elois Gelow,(705)459-5085,eloisgelow1737@outlook.com
14280,Johnie Zukas,(782)659-5788,johnie.zu@aol.com
13469,Blake Muhleisen,(782)751-1275,blakemuhleisen52@yahoo.com
11097,Mae Lupis,(867)939-2738,maelu@hotmail.com
14242,Antonia Repman,(905)722-4650,antoniarepman2035@yahoo.com
13527,Pat Szuba,(226)852-9104,pat.sz@gmail.com
14980,Rene Christmann,(705)282-6159,renechristmann202@yahoo.ca
11514,Diane Lomonaco,(780)351-6455,diane.lomo@live.com
13063,Marianne Brungs,(450)761-5540,marianne2544bru@aol.com
10425,Martin Bringhurst,(506)479-5958,martinbringhurst2861@gmail.com
11507,Ron Bonano,(204)297-2394,ronbonano@msn.com
14554,Abbie Rhey,(867)217-2094,abbie905rh@live.com
11245,Edwardo Creps,(519)732-9989,edwardocreps2226@live.com
10597,Benita Ruddick,(742)459-4147,ben.rud2002@msn.com
14379,Norma Mallaber,(753)330-5437,norma150mall@live.com
13552,Johanna Wardell,(368)926-7528,joh.war1953@live.com
11321,Sanford Licastro,(263)210-2489,sanfordlicastro@live.com
14649,Jacey Kelaher,(709)290-8915,jaceykelaher@live.com
10046,Christi Mcilwain,(584)624-5669,christimcil@gmail.com
10399,Corrine Bertolotti,(683)817-6978,corrine.berto@hotmail.com
14312,Bert Strasbaugh,(416)830-1196,bertstras@aol.com
11586,Don Kohen,(587)415-4674,donkohen@msn.com
10623,Arleen Mccudden,(263)866-5005,arleenmccudden@hotmail.com
12336,Hunter Donnahoo,(226)929-5122,hundonn@outlook.com
14657,Beda Astrauskas,(289)214-8044,beastra@msn.com
11062,Karina Schaumburg,(742)421-3028,karinaschau@yahoo.ca
11566,Sheron Mistretta,(204)569-5079,shemist@msn.com
12482,Armando Chhoeun,(368)830-9191,armandochhoeun@gmail.com
12472,Hattie Lindemulder,(867)566-3155,lindemulder1952@yahoo.ca
13245,Geary Kansier,(709)848-2675,ge844@aol.com
14325,Geraldine Denker,(683)281-1550,gera2193@aol.com
14686,Colt Kinnin,(514)267-2539,co.kin1964@outlook.com
13083,Dee Iraci,(778)457-4515,deeiraci@gmail.com
13450,Eleanor Corbo,(902)347-4731,eleco@gmail.com
10680,Tucker Janecki,(367)618-5760,tuc.jan2010@yahoo.ca
10155,Kirk Penson,(289)447-5327,kipen@msn.com
13675,Cecile Boschert,(418)999-6971,cecileboschert@gmail.com
14911,Yehuda Bedker,(647)536-2197,yehudabed@yahoo.com
10653,Lynwood Wolosz,(474)757-6614,wolosz1951@gmail.com
10665,Mozella Lossman,(289)626-5866,mozellalossman2931@hotmail.com
10726,Rupert Bouldin,(705)457-3149,rupertbouldin@aol.com
11943,Barry Rivers,(367)426-1172,ba2769@msn.com
10558,Claud Sponaugle,(581)306-5490,cl2459@outlook.com
12512,Darren Smutek,(519)769-3341,darrensmu@aol.com
12837,Carmelo Fatherree,(825)491-1912,car1446@gmail.com
13702,Dwight Unpingco,(604)927-4783,dwightunpingco@yahoo.ca
14131,Lizzie Mancao,(450)740-6208,lizziemancao@yahoo.ca
12736,Buel Puchalski,(672)917-7897,bupuch@outlook.com
13857,Lauretta Gruhl,(418)333-9873,laur63@aol.com
13207,Beverley Chudoba,(450)496-3781,beve1427@aol.com
13633,Terrell Kaloudis,(236)329-3675,terrell.kalo@gmail.com
11393,Eldora Zaw,(604)653-3597,eldz@yahoo.ca
10100,Garrett Rowry,(867)389-3770,garrettrowry1028@msn.com
11301,Myles Hessell,(306)540-2539,hessell2001@outlook.com
14984,Lewis Lustik,(705)554-5193,lewis.lus@hotmail.com
13130,Myrtice Abundo,(905)335-1262,abundo1987@aol.com
12497,Benton Strassell,(780)476-5415,ben2187@live.com
11884,Marie Finklea,(807)696-6872,finklea1998@live.com
13831,Amos Comisky,(306)768-4348,amoscom@yahoo.ca
10291,Jeremiah Lytwyn,(587)526-5569,jerelyt@yahoo.com
11749,Ryan Azore,(867)443-7062,ryan2468az@msn.com
11623,Claire Marinello,(782)809-5772,clairemari@yahoo.com
12795,Karol Kurilko,(581)600-4669,karol267kur@hotmail.com
10163,Carlton Frandson,(204)452-6499,carfran@yahoo.com
14926,Monroe Solum,(613)219-7369,monroeso@msn.com
14208,Consuelo Fasciana,(416)404-4540,consuelofasciana55@gmail.com
11290,Willodean Perlowski,(683)863-1358,willodeanperlowski@live.com
11015,Erik Oguin,(867)590-8285,er.og1979@msn.com
12523,Esteban Fortmann,(506)297-9413,estebanfortmann2170@yahoo.com
13903,Alan Manzanarez,(437)701-3195,alanmanzanarez2584@aol.com
11612,Jereme Bowdle,(742)879-3099,jer.bow1968@msn.com
14725,Justine Aspuria,(867)400-4229,justine.asp@hotmail.com
11796,George Feltenberger,(867)361-1225,georgefelten@gmail.com
14457,Corda Via,(506)534-7728,via1954@yahoo.ca
14172,Jeffrey Outen,(418)402-4328,jeffreyouten634@aol.com
13305,Marcus Taliferro,(753)807-6486,marcustaliferro2583@msn.com
10339,Janna Kadas,(753)721-8791,ja1551@outlook.com
11239,Pauline Heerman,(468)234-2147,heerman1961@yahoo.ca
14143,Freddie Langrehr,(587)454-2665,fre.lang1958@gmail.com
11622,Cathrine Manibog,(604)783-6008,cathrinemanibog@msn.com
14279,Thaddeus Luedloff,(825)494-4987,thaddeus.lued@outlook.com
10486,Davina Nagera,(902)806-7107,davina.nag@msn.com
11214,Mima Noes,(368)339-3606,mi.no1987@aol.com
12268,Karlie Bohning,(709)926-6047,karliebohning@aol.com
13898,Emilia Morinelli,(343)310-5703,emi.mori2007@gmail.com
14275,Claire Dietch,(705)281-8032,cla1178@outlook.com
12146,Trula Hird,(780)831-9352,tr488@hotmail.com
12552,Jana Grundner,(514)912-5886,janagrun@outlook.com
10473,Susanna Batman,(782)556-9893,susannabatman@outlook.com
13607,Marla Nirenberg,(581)601-8203,marla.nire@msn.com
14862,Isabel Prusky,(867)876-3849,prusky2000@gmail.com
10297,Louisa Shetterly,(782)735-3525,louisashet@yahoo.com
14029,Esther Mcgiboney,(367)954-8716,est2297@hotmail.com
14573,Elisha Namm,(587)840-9739,elishanamm@live.com
12357,Buford Luyk,(867)295-5707,buford1522lu@live.com
10228,Helen Tagliarino,(647)972-6283,hetagli@yahoo.ca
11158,Ethan Hulka,(683)616-2922,ethanhulka@outlook.com
13639,Charles Badeaux,(468)258-5534,charles.bad@hotmail.com
11647,Lucinda Kallies,(365)559-2337,luc1952@yahoo.com
14032,Loma Kilzer,(226)794-1107,lo.kil1982@msn.com
14267,Sharon Ondrusek,(584)817-3812,sharon319ondr@yahoo.ca
12280,Lottie Vogts,(778)703-8173,lot.vo1989@gmail.com
11103,Myrtis Metheney,(249)223-7503,myrmeth@outlook.com
10201,Penni Jiggetts,(873)469-1212,pejigg@hotmail.com
12967,Nona Edmiston,(431)504-9936,edmiston1950@msn.com
13583,Caitlynn Generette,(604)698-4319,cait2353@aol.com
12196,Luther Camirand,(438)526-9209,luthercamirand@live.com
13854,Katherine Punzalan,(250)377-3431,punzalan2002@msn.com
14993,Marianne Garbett,(519)938-1048,marianne.gar@aol.com
14157,Norma Villacci,(709)928-6951,no.vill1971@aol.com
11520,Jessie Negussie,(604)555-3290,negussie1998@gmail.com
11822,Edith Schwarte,(867)627-5740,ed1437@yahoo.com
13993,Athena Nolan,(867)805-6393,ath.no1982@yahoo.ca
13051,Sandy Arcemont,(289)827-6008,sandyarcemont@msn.com
11913,Kalie Myotte,(647)882-5789,ka1985@yahoo.ca
14256,Nia Hoots,(867)393-7860,n72@msn.com
14680,Jacob Harlamert,(416)893-9707,ja.harl1951@gmail.com
12513,Jess Licato,(204)658-4110,je1800@aol.com
13867,Brandie Duthu,(431)649-3793,brandiedu@msn.com
13065,Charlie Korzen,(819)344-7288,chakor@yahoo.com
13489,Jan Vangorkom,(236)503-5356,janvangorkom@gmail.com
13055,Megan Norgan,(204)807-5400,norgan1980@hotmail.com
13034,Lura Trumper,(902)572-4080,luratrumper1257@hotmail.com
10409,Bettie Limardo,(782)556-1762,bet1029@gmail.com
12726,Euna Whiteis,(867)558-9537,eunawhiteis@aol.com
10827,Emmitt Handy,(780)337-6458,emm2272@yahoo.com
11841,Elva Hankwitz,(438)937-8570,elva620hank@live.com
11760,Jean Swartzentruber,(548)474-3109,jeanswartze@outlook.com
12035,Eugenia Prentiss,(742)434-9535,eugenia2742pren@yahoo.ca
11490,Charlene Seltman,(742)512-7937,charleneseltman@gmail.com
12814,Louvenia Kiffe,(437)525-8600,kiffe1972@aol.com
14364,Evelyn Csanyi,(367)205-2510,evelyncsanyi1666@msn.com
10174,Jackson Kubat,(782)498-9882,jacksonkubat@gmail.com
14972,Mohammed Stoepker,(431)301-9378,mohammedstoe@hotmail.com
11080,Mack Frederick,(236)935-2137,mackfred@outlook.com
12463,Merle Lazor,(782)563-9076,merle.la@outlook.com
10720,Carlene Uptmor,(579)274-5055,car2032@live.com
14174,Anastasia Donsbach,(204)440-2845,anastasiadonsbach469@yahoo.com
10755,Sandy Koncaba,(867)605-7382,sandykoncaba2377@yahoo.ca
10715,Devin Roed,(867)350-1532,devinro@outlook.com
14559,Tim Marcolina,(825)756-1338,timmarcolina1418@msn.com
12194,Orange Volenec,(506)281-8732,orange2317vol@live.com
12230,Vernon Oehmke,(819)781-8787,vernonoehmke@hotmail.com
10537,Leanna Noronha,(263)394-4487,leanna1524nor@yahoo.ca
14788,Frances Homa,(416)489-9802,fra627@live.com
13747,Carmen Meagley,(437)577-5048,car398@outlook.com
12785,Violet Basaran,(867)690-5769,vio2187@gmail.com
13014,Ignacio Bair,(782)744-5044,ign401@live.com
12239,Ashley Vandermeyden,(867)383-1161,ash939@outlook.com
13774,Kala Okinaka,(778)435-1913,kalaokinaka@msn.com
12335,Raquel Xian,(683)323-1762,xian1959@aol.com
13447,Olin Ingleston,(639)843-2308,ol.ingl1990@msn.com
12421,Diana Dorante,(343)742-1291,dorante1953@gmail.com
14225,Norma Gulde,(782)624-2418,nogu@gmail.com
14753,Dave Evangelho,(579)699-5023,dave2840evan@msn.com
14679,Regina Woolston,(236)815-3354,reginawoolston@msn.com
11418,Harold Plut,(306)996-3721,plut1994@msn.com
14396,Kristen Strebig,(672)856-1097,kri43@msn.com
10314,Johanna Rolader,(431)693-7403,johannarolader514@hotmail.com
11692,Maxine Guinta,(306)880-5582,guinta2002@aol.com
10911,General Bonda,(250)211-3408,generalbonda1000@msn.com
14141,Rebecca Armantrout,(604)737-8477,rebecca.arman@msn.com
14899,Daria Bacheller,(647)861-6762,daria2936bach@gmail.com
12388,Roberto Mateer,(613)373-6645,robertomat@live.com
13379,Tina Fujinami,(249)834-2450,tifuji@aol.com
12980,Wade Santoso,(902)310-1210,wadesan@hotmail.com
14524,Mack Stolt,(581)244-5676,ma.st1998@live.com
10921,Maude Tegner,(742)822-5884,maude.teg@yahoo.com
11573,Tyler Michienzi,(867)909-5361,ty2344@yahoo.ca
11177,Jacque Tront,(902)556-2424,jacquetr@yahoo.com
14672,Rosario Raft,(753)819-5564,rosarioraft1029@aol.com
13889,Adrian Norrell,(468)266-9091,adriannor@live.com
14733,Emanuel Perdido,(289)338-3725,emanuel.per@hotmail.com
13915,Cathleen Wagers,(613)245-2506,cath2216@gmail.com
12875,Melva Turnbull,(873)843-4511,melva.turn@hotmail.com
12779,Theadore Kondash,(450)946-2282,theakon@yahoo.ca
10049,Rowena Gauck,(782)670-3174,rowena.ga@live.com
11685,Letha Shoenberger,(474)829-4713,lethashoenberger1574@outlook.com
12559,Venus Tournas,(819)873-7604,ve.tou1961@hotmail.com
13137,Mara Lathe,(403)931-7636,mala@yahoo.com
13453,Clara Fuschino,(613)791-4022,clara578fusc@live.com
11108,Joy Staffan,(782)966-6582,joy.sta@aol.com
11266,Johnnie Crema,(263)682-8298,johcr@outlook.com
14144,Deborah Biere,(742)246-8055,deborah.bi@msn.com
10229,Shayna Liscio,(782)944-1155,shayna2164lis@aol.com
10184,Joellen Momber,(365)302-1846,joe.mom1989@yahoo.com
12338,Maynard Krogulski,(902)344-2113,may1216@yahoo.ca
13666,Amy Lehrfeld,(368)403-4177,amy.lehr@yahoo.ca
12047,Esperanza Chamberlain,(367)710-5578,esperanza.chamb@aol.com
14346,Scotty Hartberger,(204)341-9999,sco1217@aol.com
10039,Chaim Falana,(204)370-3136,chaim731fal@hotmail.com
13185,Doreen Cline,(450)749-9082,doreen48cl@yahoo.com
14864,Brenda Anthis,(403)932-1994,breant@outlook.com
14135,Skylar Zehren,(418)628-2143,sky687@aol.com
13291,Billye Pezeshki,(825)202-2919,billyepezeshki@outlook.com
10870,Chelsey Trueman,(403)285-6892,chelsey2248tru@outlook.com
14023,Daphne Tonne,(368)990-9033,tonne1976@msn.com
14186,Hillard Saraiya,(825)622-4976,hillardsaraiya@yahoo.ca
14520,Eric Borboa,(867)208-6234,eric.bor@aol.com
13939,Vlasta Falkowitz,(819)831-9610,vlastafalk@aol.com
12611,Armando Sok,(548)602-2739,sok1969@aol.com
14738,Myrna Grimsrud,(226)645-1267,my1375@hotmail.com
11528,Mattie Loreman,(709)231-5384,mattie1018lor@msn.com
13177,Sidney Cylkowski,(672)281-3117,sidneycylk@msn.com
12605,Kyra Miehe,(683)946-6290,kymi@gmail.com
12281,Thad Gelsomini,(613)425-8944,thad.gels@hotmail.com
11659,Esperanza Penski,(403)962-8121,espepen@yahoo.ca
14827,Dustan Haddox,(403)866-7863,dustan.had@hotmail.com
11512,Elenore Vigneault,(807)290-2697,ele.vign1976@live.com
12444,Verlin Daphnis,(514)422-4529,daphnis1982@gmail.com
12595,Georgette Irmiter,(368)376-6539,georgette.irm@msn.com
10361,Jeannette Barrie,(236)826-4111,jean.bar1952@yahoo.ca
10867,Dominic Schankweiler,(709)971-5349,dominicschank@live.com
11631,Phoebe Reifenberger,(354)450-4467,phoebereifenberger@yahoo.com
13360,Imogene Brinkhoff,(604)351-5747,imogenebrinkhoff@msn.com
11664,Rhoda Parrick,(613)226-1403,rh169@live.com
14021,Odie Lightburn,(416)910-6855,odie.ligh@outlook.com
12756,Early Chemin,(306)866-4516,chemin1979@aol.com
13363,Rhea Arden,(867)622-2243,rhea1846ar@live.com
12369,Pierre Tomlison,(418)474-4866,pierretoml@outlook.com
11763,Carolyn Dancey,(437)634-9400,dancey1955@gmail.com
13285,Jane Frieda,(204)377-1414,jane.fri@live.com
14333,Harley Swihart,(782)527-6974,harswi@hotmail.com
12326,King Rosolowski,(587)779-3122,king.rosol@aol.com
14929,Mercedes Ehn,(742)378-8136,mercedese@yahoo.ca
11639,Henry Kons,(367)548-2385,henrykons2453@hotmail.com
10466,Tracy Durre,(306)413-2497,tracydurre@yahoo.ca
12158,Kylee Hoggle,(437)264-5850,kyleehog@yahoo.com
10433,Rosalie Commo,(825)723-7312,rosco@outlook.com
13972,Melva Fabian,(416)803-4036,melva.fab@yahoo.ca
13638,Louise Matykiewicz,(236)923-9927,louisematykiewicz@live.com
10293,Arizona Konecky,(368)897-2461,arizonakonecky@aol.com
13483,Nona Garciamoreno,(450)957-5308,nonagarciamoreno1728@aol.com
14365,Maya Chrisman,(579)437-4680,maya1949chri@live.com
13249,Jana Hellerud,(437)826-5190,hellerud1950@gmail.com
11401,Joy Gumbs,(226)565-3059,jgu@yahoo.ca
11752,Cherilyn Glinn,(579)314-9067,cherilyn657gl@gmail.com
13725,Vivian Mathie,(581)549-4555,viv.mat1972@msn.com
14299,Everett Minotti,(236)700-7527,eve.min1991@live.com
14780,Maureen Labarbara,(431)223-9437,labarbara1976@gmail.com
13159,Mel Deardorf,(431)214-7526,deardorf1983@yahoo.com
13958,Gregory Simard,(474)562-4152,simard1979@gmail.com
11053,Amanda Mcging,(468)908-6896,mcging1951@msn.com
12378,Jerry Gunthner,(403)562-7009,jerrygunthner@hotmail.com
14041,Matthew Horos,(604)600-1247,matthew1028ho@yahoo.com
13335,Mandy Fruechte,(289)372-8917,mafrue@outlook.com
11217,Moira Orgel,(438)727-3777,moira.or@outlook.com
13764,Carmelo Girardeau,(807)235-5528,carmelogirardeau@outlook.com
13894,Rodolfo Wineland,(354)588-6540,wineland1967@aol.com
13138,Bruno Place,(468)414-2175,brunopl@outlook.com
13870,Ada Donaruma,(604)970-5103,a.dona1962@gmail.com
10416,Larry Emmons,(778)284-2715,larry1380emm@msn.com
12791,Gavyn Hasty,(236)595-1704,gavynha@yahoo.com
12215,Jay Laston,(683)708-9836,jay.las@yahoo.ca
12649,Herschel Schied,(367)399-9238,herschelsch@aol.com
11992,Raleigh Pinera,(587)333-5535,raleighpin@aol.com
14983,Dwight Barattini,(365)435-4738,dwight1656bara@aol.com
12085,Jim Ruggerio,(418)222-7927,jimrugg@yahoo.com
11837,Camron Tidaback,(403)956-6345,camrontidaback@gmail.com
12667,Stewart Sparano,(581)842-2238,stewartsparano2462@msn.com
12592,Isaac Zabatta,(514)205-1434,isaaczabatta2876@msn.com
14736,Albin Celli,(204)228-8997,albincelli2296@gmail.com
11004,Antonia Pisch,(506)202-9740,ant1089@live.com
12953,Helena Garg,(584)637-2460,helena1027ga@hotmail.com
14050,Howard Jimmo,(705)711-5891,howard.ji@aol.com
13619,Amanda Bartman,(604)473-8476,amandabartman2586@live.com
11114,Glenn Kesee,(548)487-1186,glennkesee@hotmail.com
10628,Antionette Propson,(613)580-4367,antionettepropson2032@outlook.com
13289,Lucia Nicoll,(709)783-9421,lu.nic1995@aol.com
14695,Mammie Chadek,(468)524-9838,mammiechadek@msn.com
14669,Wayne Hackett,(289)212-5411,wa.hac1995@live.com
12844,Orrin Hunsecker,(778)706-9224,orrin.huns@gmail.com
12124,Terence Polania,(905)550-2411,ter.pol2007@yahoo.com
14183,Kristy Kostos,(905)410-8138,kri2497@hotmail.com
14999,Otis Olives,(519)636-6919,otisolives501@aol.com
10818,Leonardo Najam,(613)565-3747,najam1958@msn.com
10596,Elsa Moppert,(514)970-4790,moppert1969@live.com
13108,Shayna Gibbens,(807)344-4177,shagib@yahoo.com
13191,Eleanor Paroline,(902)661-9849,paroline2000@aol.com
12792,Basil Hamady,(431)460-6779,hamady1984@outlook.com
11753,Josefina Ciancanelli,(226)354-3669,josefina2482cianc@hotmail.com
12657,Allie Gibbon,(807)417-6622,algib@live.com
11628,Emeline Reprogle,(519)203-7547,reprogle2006@msn.com
12992,Ely Haines,(468)357-8676,elyhaines2868@gmail.com
14087,Bobbie Woldemichael,(306)673-6239,bobbie.woldem@outlook.com
11638,Sunshine Darwood,(647)701-7340,sunshinedarwood2469@gmail.com
14507,Wilmer Gratias,(705)876-8301,wilmer.gra@yahoo.com
14921,Shirley Hirschy,(647)993-4898,shirleyhirschy2957@msn.com
11333,Goldia Ligons,(450)381-1887,goldialigons@msn.com
10222,Bertha Kersh,(416)539-2660,berthake@gmail.com
12630,Guillermo Eccard,(418)223-8485,guilecc@msn.com
14142,Rafael Matli,(782)510-7545,matli1972@aol.com
13418,Paris Bead,(236)636-7212,paris.be@gmail.com
11523,Wynona Dervishian,(742)361-1609,wynona1987dervi@aol.com
14877,Gene Bratman,(639)361-5303,bratman1966@yahoo.com
14286,Mario Chumbler,(226)385-1149,ma2243@hotmail.com
13904,Danielle Speranza,(236)795-6911,daniellesper@aol.com
13035,Izora Muslin,(368)945-6065,iz.mus1991@yahoo.ca
13344,Pam Fenster,(437)506-7033,p2708@msn.com
10256,Karol Sundblad,(584)726-3202,karol1767sund@yahoo.com
10137,Adrianne Dirr,(263)355-3358,adrianne.di@aol.com
12283,Davina Lieux,(450)431-2727,lieux1955@yahoo.ca
10634,Krista Masek,(782)578-9968,kristama@msn.com
12879,Carson Oza,(289)922-8032,carsono@gmail.com
14322,Terri Pappadakis,(782)497-5250,tepappa@yahoo.ca
14369,Hertha Yeggy,(742)322-8434,herthayeggy@live.com
10038,Blake Smedile,(584)451-6417,bl1615@hotmail.com
12988,Louisa Ruizesparza,(236)867-4159,louisaruizesparza2972@yahoo.com
14922,Scottie Schnitzer,(579)375-4050,sco2113@yahoo.com
10526,Norma Wiesenfeld,(474)386-5968,no1457@aol.com
12306,London Kingsby,(306)617-9801,lonkin@outlook.com
14720,Orlando Favella,(263)240-1100,orlando79fav@msn.com
10393,Dessie Ovall,(437)625-1204,des.ov1977@msn.com
10807,Zane Yasko,(587)911-5128,zaya@hotmail.com
10365,Loren Sroga,(437)452-2489,lorensr@outlook.com
13900,Louis Hirsh,(289)632-9812,hirsh2010@yahoo.ca
14287,Georgianna Wieboldt,(368)627-6406,georgianna.wieb@yahoo.ca
14400,Adline Kelbaugh,(780)768-2702,adl2843@msn.com
12660,Millie Mullooly,(581)396-9175,millie1195mull@yahoo.com
12290,Herschel Silkwood,(613)913-4671,hers.silk1953@yahoo.ca
12840,Frederick Soudelier,(867)782-1117,frederick950soud@yahoo.ca
12220,Shawna Fredericks,(742)773-3874,shawnafredericks2139@hotmail.com
11798,Dora Kotwica,(780)294-6017,dokot@hotmail.com
13299,Leatrice Rohrs,(581)967-5387,leatricero@hotmail.com
10079,Milo Prelesnik,(902)973-8064,miloprel@live.com
11029,Mitchell Ghafouri,(431)381-3499,mitcghaf@hotmail.com
14917,Moshe Cluse,(368)498-4651,moshe.cl@outlook.com
11905,Norah Felcyn,(579)792-8128,norahfelcyn2599@yahoo.com
10633,Lorraine Pendergraph,(705)395-9655,lorraine478pende@gmail.com
10771,Corrine Levitan,(450)703-7858,cor.lev1984@yahoo.ca
14001,Gia Wilderman,(263)231-2542,gia.wild@msn.com
12899,Isaac Martins,(584)476-4333,isaac1178mar@gmail.com
11679,Jesse Ofriel,(506)936-4765,ofriel1960@outlook.com
13891,Amelia Minchella,(519)941-4948,ameminc@aol.com
10744,Ivette Dacko,(416)901-7487,ive.da1952@gmail.com
12719,Columbus Tagaloa,(468)443-8185,tagaloa1984@aol.com
11531,Vesta Salcido,(867)834-6379,salcido1950@gmail.com
12116,Terry Eichensehr,(782)999-6545,terry2473eiche@yahoo.ca
14206,Ralph Kafton,(867)653-5577,ralphkaf@live.com
11634,Carol Leszcynski,(753)448-5746,ca.leszc1987@yahoo.com
13801,Florida Hallows,(250)895-3837,floridahallows2062@aol.com
10247,Hanna Catbagan,(753)328-9772,ha973@outlook.com
14973,Wallace Herker,(418)835-5278,wallaceher@gmail.com
12147,Cristobal Wacholz,(672)410-3869,criswac@outlook.com
13087,Reggie Prober,(587)347-7780,reggieprober2505@gmail.com
14195,Benjamin Strickfaden,(647)500-4857,benj.stric1952@outlook.com
14078,Marina Whitewolf,(450)874-5097,mar.whit1987@aol.com
11775,Len Schehl,(450)731-3553,len1562sch@gmail.com
10909,Brandon Meriweather,(343)245-7142,bra816@hotmail.com
12006,Misti Buckbee,(365)351-7025,mistibuc@msn.com
13477,Cedrick Vonderahe,(468)664-8727,cedrickvonderahe761@aol.com
14991,Tawnya Kinneberg,(587)577-7361,taw.kinn1951@live.com
11453,Ana Shymansky,(705)863-7519,a.shym2002@yahoo.com
14319,Maxine Biese,(416)223-6108,maxinebiese2548@yahoo.ca
14868,Reid Rosick,(778)984-9202,reros@aol.com
10929,Nova Baraka,(367)607-9910,nobar@yahoo.ca
11662,Hubert Reible,(548)724-1370,hub802@outlook.com
13940,Lorna Lytes,(204)883-6067,lo.ly1987@yahoo.ca
14815,Flora Arold,(709)326-5873,arold1975@gmail.com
12893,Lessie Hobensack,(431)430-9187,lessiehobensack1714@hotmail.com
10939,Bernice Burne,(354)900-6525,ber287@live.com
11574,Brett Ortt,(506)934-9667,brettortt127@hotmail.com
13157,Verner Cecka,(647)545-8863,verner1106ce@hotmail.com
10005,Caiden Murrietta,(778)796-6100,caiden.murr@outlook.com
10023,Randy Waszkiewicz,(867)450-5499,rawaszk@live.com
12773,Corrine Jadhav,(236)453-1344,corrinejadhav244@live.com
12602,Glennie Kreth,(709)234-1809,kreth1958@outlook.com
14209,Herbert Flail,(514)209-6976,herbertflail770@aol.com
12042,Woodrow Backo,(343)428-5214,woo.ba2010@yahoo.ca
11917,Alexandra Dorsett,(902)655-4872,alexandradorsett@msn.com
11569,Richelle Suppa,(873)777-2966,rich1416@live.com
12934,Drema Culkin,(367)946-6224,dremaculkin833@yahoo.ca
13465,Lee Vansloten,(289)514-7554,lee.vans@yahoo.com
10353,Matthew Sufrin,(709)572-2840,matthewsufrin2376@gmail.com
12132,Lupe Dienstag,(807)568-1511,lupedienstag2091@yahoo.com
10312,Xavier Moster,(905)570-4109,xaviermoster@msn.com
12109,Hector Graska,(581)845-2070,hec.gra1995@gmail.com
13473,Marilynn Zebert,(782)377-5004,marilynnzeb@outlook.com
13095,Marcia Novak,(579)997-5579,marcia490no@outlook.com
13659,Paula Anjum,(639)313-2775,paulaan@yahoo.com
14532,Chris Zilberberg,(204)783-9636,chris.zilbe@gmail.com
10449,Sandi Pekala,(519)864-3638,sandi.pek@outlook.com
12909,Wilson Siderio,(867)971-5045,wil1627@msn.com
13845,Rutha Fargas,(709)919-7780,rutha1477far@yahoo.com
10018,Alan Spottedelk,(672)241-3974,alanspottedelk@msn.com
12647,Beth Naud,(819)695-5546,bethnaud1205@hotmail.com
12439,Altha Johnosn,(639)299-6140,johnosn1955@outlook.com
13036,Christopher Delaplaine,(548)273-1468,chris450@yahoo.ca
12038,Gregoria Farner,(289)338-2560,gregoriafar@gmail.com
10687,Dale Barberena,(902)740-3692,dalebarberena2158@outlook.com
13162,Arizona Edsall,(418)888-4129,edsall2008@yahoo.com
13376,Grace Cannestra,(416)212-3195,gracecannestra@hotmail.com
14896,Maryellen Lelong,(403)316-4961,mary.lel1993@live.com
12186,Denis Joppy,(782)901-9138,denis2305jo@msn.com
12508,Sidney Steyaert,(514)479-6697,sidneysteyaert@outlook.com
11369,Dustin Ingwell,(902)564-7442,dustin1516ing@yahoo.ca
10591,Emmet Calma,(819)830-5999,emmetcalma@yahoo.com
14318,Ronna Sigalas,(705)494-8748,rosig@gmail.com
13991,Dana Woodwick,(867)475-4035,dawood@outlook.com
12150,Blake Mittelstedt,(204)568-2305,blake.mitte@gmail.com
14665,Carl Duerksen,(343)819-3862,caduer@yahoo.ca
10733,Selina Patzwald,(450)984-1604,sel.patz1996@msn.com
11960,Noelle Walterhouse,(584)322-2938,noellewalterhouse1749@outlook.com
11495,Daisie Oconnell,(683)276-1861,daisieoconnell167@live.com
12040,Verne Koutsoukos,(780)272-3265,verne.kouts@yahoo.com
11493,Gaston Jilbert,(905)404-1969,gaston1167jil@hotmail.com
10259,Ursula Swatkowski,(672)954-5415,urs.swatk1956@outlook.com
14354,Ike Lutu,(742)456-1985,i.lu1981@msn.com
12617,Houston Tippins,(548)427-2759,houtip@live.com
11100,Aaron Werneth,(902)384-7596,aaronwerneth343@outlook.com
10948,Augusta Rauschuber,(226)706-8441,augustarausc@msn.com
12944,Bernadine Paszko,(343)291-3800,bernadinepaszko@aol.com
13029,Jorge Lele,(236)963-9609,jo.le1977@msn.com
13075,Justine Picco,(250)257-5814,juspi@aol.com
14046,Kaylee Laxamana,(613)711-2693,kayleelaxa@gmail.com
12074,Nellie Stolle,(587)994-5137,nelliestolle@msn.com
14906,Roma Pene,(226)790-2619,ro.pe1953@msn.com
14069,Jessie Minga,(867)443-9930,jessie.mi@msn.com
14258,Irene Farkus,(289)903-7649,ir2986@outlook.com
10567,Libby Lyter,(604)953-2578,li.ly1970@yahoo.ca
11735,Marshal Mayhill,(548)867-1554,marshalmay@yahoo.com
14358,Emmanuel Batton,(639)228-7451,emma.bat2005@live.com
13115,Zelda Mosele,(647)728-4269,zeldamosele1680@yahoo.ca
11907,Colleen Schabes,(867)838-9289,colsch@aol.com
11329,Pearl Steelman,(613)617-5329,pe1897@live.com
13155,Juliette Tapscott,(249)731-4902,juliette.taps@live.com
13428,Henry Dimassimo,(867)839-5966,he.dima1975@yahoo.com
14612,Ronda Lightner,(416)303-2898,rondalightner453@yahoo.ca
14561,Levon Rizzo,(778)429-3770,le1103@hotmail.com
14754,Luna Burchart,(584)386-5609,luna.burc@outlook.com
11411,Tomie Delaplain,(873)620-7051,to.dela2008@hotmail.com
10620,Casandra Sobolak,(289)900-8316,casasob@yahoo.ca
12818,Marley Daleiden,(368)295-2920,marley.dale@gmail.com
10478,Stephan Sebree,(343)641-8903,ste1072@live.com
10055,Erich Fopiano,(514)721-6082,erichfopiano2873@outlook.com
10954,Guido Boutwell,(581)258-3879,guidobout@gmail.com
11896,Ivy Cricchio,(514)414-3569,icric@hotmail.com
14491,Marjorie Esperson,(782)901-7898,esperson1996@yahoo.ca
12177,Taylor Spadoni,(825)560-6311,spadoni1988@hotmail.com
14109,Deandre Lavoie,(584)627-7712,deandrelavoie@hotmail.com
11196,Rollie Ottati,(367)932-4959,rollieott@live.com
14905,Gus Lizalde,(306)635-7401,guslizalde16@gmail.com
11557,Hector Mikula,(263)526-1007,hec.mik2003@outlook.com
12350,Willard Reb,(867)912-7626,willard1324r@outlook.com
13790,Elbert Wimer,(873)733-9994,elbert2523wi@msn.com
12454,Mack Dinnall,(250)498-5949,dinnall2007@yahoo.com
13053,Cordia Salit,(902)971-6795,cordia.sa@outlook.com
10147,Stevie Vicker,(450)554-2097,stevievicker2793@outlook.com
12639,Gwen Vesser,(343)552-8405,gwves@live.com
11756,Vivienne Sides,(226)882-7588,vivisi@msn.com
10271,Jaida Carreiro,(367)987-9489,ja80@gmail.com
14545,Garnett Colgate,(873)508-1946,garnettcolgate2117@aol.com
11203,Ruben Becirovic,(519)494-2708,rubenbecirovic@live.com
11026,Sherry Statter,(753)641-7821,shesta@aol.com
14096,Lonie Chappel,(250)333-8517,lonie2914cha@gmail.com
11241,Richmond Navid,(263)880-3976,richmond.na@hotmail.com
12882,Theron Ciambriello,(604)628-4386,ciambriello2009@aol.com
14615,Athena Laske,(289)578-3552,laske1996@live.com
12972,Tomas Frischknecht,(780)317-9200,frischknecht2008@yahoo.ca
10792,Nathanial Bertera,(905)802-2306,nathanialbertera795@live.com
12406,Selena Chipperfield,(807)996-7519,chipperfield1978@outlook.com
11224,Deana Boulais,(204)215-1242,deana909bou@yahoo.ca
12538,Ruthann Traini,(825)343-9617,ruthanntraini672@yahoo.com
10721,Rita Arnot,(450)916-9450,ri546@msn.com
10472,General Fedoroff,(226)341-2130,gen.fedo2007@live.com
11575,Marlin Casburn,(672)250-9596,marlincas@live.com
13461,Daisha Keolanui,(579)610-1101,dai.keol1955@yahoo.ca
12179,Lyle Vavrick,(647)631-5827,lyle.vav@yahoo.ca
13484,Jerry Siver,(250)342-1095,jerrysi@aol.com
14930,Rodolfo Eberstein,(519)898-4271,rodolfo1447eber@msn.com
14783,Courtney Delatorre,(742)667-5737,cour.dela1979@outlook.com
11809,Lyman Witvoet,(468)944-7000,witvoet1965@outlook.com
12273,Shannon Gaide,(742)331-2739,shannongaide587@outlook.com
13922,Russell Blagrave,(683)798-4779,blagrave1976@outlook.com
11265,Callie Wohlmuth,(742)494-7890,calliewohlmuth2401@gmail.com
12968,Matthew Lagnese,(437)247-8697,matlag@hotmail.com
14116,Roby Valora,(587)664-4308,roby.val@live.com
10276,Angelique Serbin,(639)224-3226,ange.ser1968@outlook.com
10972,Dylon Venter,(587)372-7021,dylonventer@live.com
10504,Makenna Geralds,(778)965-4710,mak.ger1978@yahoo.com
10983,Dewey Throneburg,(587)505-4535,throneburg1993@gmail.com
13813,Cory Kaae,(782)290-9892,co2198@yahoo.com
11098,Jeffry Covert,(306)683-4172,jefcov@msn.com
10997,Donna Lia,(250)424-1962,donnalia@gmail.com
10180,Lou Detray,(902)832-4328,detray2008@aol.com
11187,Clint Fierros,(354)475-3722,clintfie@live.com
12002,Linton Mckeithan,(613)718-3453,lintonmckeithan163@aol.com
13352,Leann Wruck,(226)381-9623,le.wr1955@hotmail.com
10447,Adam Sibel,(506)943-3071,ad2924@live.com
14102,Delia Whang,(506)670-1253,delia.wh@aol.com
13668,Elise Vanderklok,(431)735-7414,elisevanderklok@msn.com
10020,Sherie Hasenauer,(778)690-4376,hasenauer1965@outlook.com
11069,George Asa,(587)398-7845,geo1112@outlook.com
11019,Omar Mullenberg,(250)993-6672,om1480@hotmail.com
11687,Lorena Duvon,(709)985-4643,lor1914@yahoo.com
13743,Sergio Falstad,(263)329-1791,ser2386@live.com
13930,Hazle Ogeen,(613)920-2965,hazleogeen@aol.com
13000,Icie Ennist,(249)490-4558,icenn@msn.com
11946,Josef Suker,(905)821-9576,josef.su@hotmail.com
12001,Christin Worn,(587)364-6251,christinworn@outlook.com
13323,Garnet Gonales,(579)956-4821,garnet1964gon@aol.com
13511,Christine Renkin,(782)593-8392,christineren@yahoo.com
11273,Mildred Sinnes,(506)509-3055,milsin@msn.com
12356,Isidro Cruzcruz,(819)955-9665,isidro.cruz@gmail.com
13021,Orlando Tiger,(584)571-9099,orlandotiger2428@gmail.com
14022,Merl Montavon,(647)371-6673,me2907@live.com
14272,Elmore Hermosillo,(226)412-3825,elmorehermosillo@live.com
14479,Lee Ladra,(584)849-4048,lee.la@live.com
10958,Duwayne Makua,(778)847-1248,duwaynemakua99@hotmail.com
12057,Joel Sirek,(780)791-4511,sirek1978@aol.com
10112,Meredith Wightman,(431)846-3289,mere1202@yahoo.com
13844,Erick Gierman,(418)562-4917,er2762@outlook.com
11357,Lester Pummell,(613)529-7939,lester2377pum@yahoo.ca
13260,Anne Remson,(613)259-1195,anne.rem@live.com
14107,Nat Besher,(514)728-8587,natbes@msn.com
13658,Sheena Etta,(306)245-1960,she2639@aol.com
12227,Lucy Riego,(579)222-9149,lu.ri1955@gmail.com
14505,Frank Otteson,(450)827-7837,frankotteson@hotmail.com
12423,Carter Das,(778)258-8941,carterd@yahoo.com
14202,Desiree Bonk,(782)781-4634,desiree.bo@yahoo.com
14095,Lenard Donohew,(778)887-3060,len.don1984@msn.com
14149,Trent Schrein,(403)906-2627,tr1108@aol.com
10444,Karen Laytart,(867)466-1787,laytart1971@yahoo.ca
11444,Michael Leadford,(902)819-6398,michael.lead@aol.com
13834,Kiersten Perala,(354)751-1394,perala1998@live.com
10753,Lorine Barnet,(753)594-7267,lorinebar@live.com
11826,Elna Lutter,(367)530-5298,el.lut1984@yahoo.com
10073,Adela Ignat,(368)631-5505,ad.ig1992@msn.com
14656,Trisha Diiulio,(902)944-3309,tridii@gmail.com
12387,Jerald Verrochi,(905)775-5368,jeraldverrochi@gmail.com
10168,Jase Stanaway,(819)875-4786,stanaway2005@aol.com
11155,Dylan Wedin,(778)712-2158,dy516@yahoo.com
12807,Aaron Pawley,(780)674-8706,aa.paw1986@yahoo.ca
11078,Emily Origer,(474)897-2836,emilyori@outlook.com
10844,Valarie Okpara,(226)792-2211,valarieokpara1223@yahoo.com
12877,Elfrieda Buening,(584)713-3839,elfrieda.bue@aol.com
13665,Reta Manny,(613)913-6026,rema@yahoo.ca
13128,Keven Weyhrich,(825)895-9682,weyhrich1996@msn.com
14137,Frances Minikel,(778)435-5374,francesminikel@gmail.com
11427,Jeff Nickman,(780)549-1585,jeffnickman308@yahoo.ca
14222,Kim Hinkhouse,(639)275-5260,k1763@hotmail.com
12460,Luis Lathrom,(867)529-1777,luislathrom@msn.com
12399,Sherrie Vonthaden,(604)206-4709,shevont@outlook.com
10412,Dorothy Blume,(519)398-2995,dor1895@hotmail.com
12126,Garry Arpaia,(873)895-3661,garryarpaia2090@outlook.com
13762,Layla Rae,(639)574-6022,rae1995@live.com
13135,Athena Owca,(468)915-5617,athenaow@yahoo.com
12629,Vergie Trautman,(780)442-5764,vergietrautman2699@gmail.com
12871,Cora Genard,(867)562-4373,cora.gen@hotmail.com
10101,Tommie Calnon,(753)436-5224,tomcal@outlook.com
10140,Harley Hertzberg,(639)737-4072,harley.hert@aol.com
12859,Juanita Swiecichowski,(782)446-9114,jua.swieci1954@hotmail.com
12113,Linda Postlethwaite,(519)654-9536,lindapostle@hotmail.com
13953,Maxwell Parseghian,(506)976-6166,max1595@hotmail.com
11231,Rosalind Lefeber,(343)345-4855,rosalindlefeber642@gmail.com
10054,Melissa Secada,(742)429-6823,melissasecada@outlook.com
11259,Ida Nezat,(236)629-8422,ine@yahoo.com
11300,Elease Caisse,(581)258-8853,elease.cai@msn.com
10545,Jaquan Landel,(416)542-2213,jaq2141@yahoo.com
14175,Annabelle Greenblum,(905)779-4168,annabellegreenblum2789@hotmail.com
12394,Felix Stoneburg,(867)847-7611,fe.ston1975@outlook.com
13571,Georgette Chlopecki,(778)382-7062,georgettechlopecki2661@outlook.com
13656,Valentin Iaria,(873)263-9344,vale.ia1950@outlook.com
11192,Cade Marcure,(250)320-8810,marcure1980@gmail.com
10428,Hilda Caplis,(437)499-4447,hildacaplis91@yahoo.com
13865,Donnell Nobbe,(807)576-6113,donnell2305no@yahoo.ca
14353,Eddie Strickling,(437)793-6929,eddie2261stric@live.com
14136,Winfield Maur,(613)310-5180,maur1964@live.com
12782,Kerri Jairam,(438)356-3863,jairam1959@aol.com
14819,Roslyn Cezar,(672)748-1087,ros255@yahoo.ca
13094,Arnold Dafoe,(639)904-1347,arnold2828da@live.com
11717,Ollie Dippold,(403)485-9098,olliedippold277@msn.com
11774,Hannah Santillanez,(780)343-3448,santillanez1975@outlook.com
11861,Santiago Richert,(418)614-3252,santiago.ric@gmail.com
11443,Alyce Keskinen,(581)805-9751,alkesk@msn.com
13566,Inez Castiano,(587)765-4694,castiano1998@msn.com
12826,Maxie Buesgens,(867)320-7777,ma1619@yahoo.com
11559,Cesar Bownes,(367)582-9364,cesar.bow@outlook.com
14090,Anika Fryslie,(204)377-8888,fryslie1984@aol.com
14054,Louis Mcpherrin,(514)243-4684,lo197@msn.com
14443,Kristyn Michalski,(249)772-6385,kristyn1361mich@gmail.com
12732,Francis Sweitzer,(343)280-5492,fra2252@msn.com
10487,Lita Siess,(416)850-3329,litasiess@aol.com
12401,Jonnie Krajniak,(343)688-5341,jonniekraj@aol.com
10341,Marques Dingel,(468)991-1335,marquesdin@yahoo.com
14100,Harris Belitsky,(249)900-8727,harrisbelitsky1601@yahoo.com
14826,Isaiah Radix,(306)759-3519,isaiahradix@yahoo.com
13118,Dell Buenaflor,(902)520-2136,buenaflor1988@live.com
11539,Pamela Iwasko,(368)599-1041,pamiwa@yahoo.ca
12569,Ruth Throesch,(416)261-2687,ruththro@gmail.com
11863,Winnie Asson,(807)202-5324,winnieasson@outlook.com
13358,Jane Orfanos,(343)776-7090,jaorf@msn.com
10491,Linnie Lava,(306)231-9032,linniela@hotmail.com
11213,Laurette Miesbauer,(782)422-4419,laur.mies1962@outlook.com
13651,Charley Wohlhueter,(474)212-5653,charley.wohlh@outlook.com
14317,Murray Yoakem,(902)831-4973,murray2547yoa@hotmail.com
10950,Shana Lojko,(807)389-7078,lojko1979@hotmail.com
12294,Jimmie Hysell,(519)423-3962,jimmiehysell@outlook.com
13316,Ernest Hoptowit,(782)291-6509,ernest.hopt@hotmail.com
12084,Cynthia Molena,(825)544-8184,cyn.mol1961@aol.com
14534,Mari Carone,(514)879-4844,macar@yahoo.com
12491,Garland Ingrao,(306)499-9782,garing@live.com
10357,Marion Kuntzman,(672)734-3308,marion.kunt@msn.com
10384,Vertie Cicchese,(514)334-7473,vertiecicc@live.com
12560,Ivan Wi,(581)395-5508,ivan2180w@yahoo.com
10067,Dolly Mcgehee,(236)618-4130,do.mcg1981@yahoo.ca
12865,Maryanne Krajewski,(825)982-1629,maryannekraj@hotmail.com
13277,Sydni Gutjahr,(780)671-1911,sydnigut@hotmail.com
10306,Emmett Seitzinger,(431)362-5361,emmettseitzinger44@yahoo.com
12941,Kai Hoak,(742)535-5897,kaiho@msn.com
11751,Jessica Chazan,(902)671-9126,jessicachazan@gmail.com
13173,Jenny Henrichsen,(579)266-8986,jennyhenrichsen@hotmail.com
10682,Ulysses Aanerud,(468)908-4205,ulysses744aan@msn.com
11402,Justine Scudero,(902)663-2371,jus.scu1992@hotmail.com
12277,Clarence Branthoover,(867)653-2223,clar1762@aol.com
14586,Byron Stampe,(867)536-5454,by2804@live.com
14204,Ashley Cepeda,(683)685-3297,cepeda1996@hotmail.com
11006,Willard Fendler,(902)896-2223,willard.fen@yahoo.com
11899,Buck Eleby,(289)712-6039,buckel@aol.com
12253,Artie Esbensen,(236)922-6144,artie.esbe@msn.com
14297,Eulah Tebo,(431)260-4485,eulah.te@yahoo.com
13982,Sullivan Nover,(306)987-3074,sull619@yahoo.ca
14732,Elwin Wittenburg,(905)384-7691,el564@aol.com
13628,Shellie Lowdermilk,(867)843-1622,shellie2200lowde@outlook.com
12435,Tennie Mayden,(514)809-1128,tenniemayden@aol.com
10961,Thomas Riseman,(639)222-2630,thomasris@yahoo.ca
12103,Mariana Delrosa,(368)596-7215,mar.del1956@live.com
10884,Justen Sicora,(236)422-4925,justen172sic@hotmail.com
11823,Charmaine Tache,(416)545-4908,charmaineta@gmail.com
13228,Cecil Filbrandt,(873)299-4371,filbrandt1986@msn.com
14378,Garnet Lunsford,(416)486-1343,garnetlunsford1408@yahoo.ca
14231,Cloyd Maccarthy,(639)348-3867,cl1478@yahoo.ca
10116,Evan Stutzman,(579)428-9029,evanstutzman@yahoo.com
12618,Herschel Posley,(365)642-2733,herschelposley@live.com
14411,Vern Gaura,(548)427-2297,ve.ga1997@outlook.com
12852,Albert Gaetz,(548)930-6379,albertgaetz@hotmail.com
12298,Rogelio Velek,(613)434-2040,rogeliove@hotmail.com
14228,Billy Buggs,(902)967-7882,bi.bu1952@yahoo.com
12010,Jonell Saturday,(587)256-2034,jon.satu1987@live.com
12766,Destin Campain,(587)376-6749,campain1972@yahoo.com
11825,Eugene Segraves,(581)819-7139,eugene520segr@aol.com
12159,Dewey Anchors,(581)717-4427,anchors1986@live.com
10316,Antonette Escobosa,(902)310-5178,antonetteescobosa2410@msn.com
13534,Petra Macomber,(236)281-7959,petramaco@aol.com
13994,Admiral Curts,(368)321-9522,adm445@aol.com
14328,Ellen Shadwell,(587)210-9752,shadwell1964@aol.com
14510,Ada Rassman,(468)388-8187,aras@hotmail.com
12876,Amanda Hokamp,(780)715-5893,amanda.hok@hotmail.com
12270,Anne Gillece,(867)643-9071,angil@aol.com
11757,Mable Brant,(474)539-1310,mable2362br@gmail.com
14944,Danna Meleo,(647)419-7091,da1540@yahoo.ca
14707,Adrienne Baudhuin,(867)250-9503,adriennebaudhuin515@live.com
14560,Preston Tafaro,(354)542-4282,prestontafaro60@yahoo.ca
10619,Demarcus Sarda,(647)836-3260,dema1678@aol.com
10814,Pamella Hafiz,(579)900-4876,pam.ha1987@aol.com
11294,Jonas Laatz,(263)226-8990,jonasla@live.com
12187,Vern Hoger,(778)513-7320,vernhoger1336@yahoo.com
13084,Krista Ribich,(639)633-4737,krista.rib@outlook.com
10882,Bertram Waiter,(438)466-4166,waiter2000@yahoo.com
10559,Mason Sineath,(468)909-6243,sineath1963@gmail.com
12014,Albertine Keyworth,(705)761-8465,albertinekeyw@gmail.com
14080,Dennis Derrera,(780)414-5712,dennisderrera1467@hotmail.com
14446,Arch Stickle,(226)517-6168,archsti@msn.com
12175,Lynn Espudo,(902)405-9461,lynnespudo@outlook.com
11681,Jana Langton,(548)603-2819,jana2806lan@yahoo.com
11629,Dorothy Gordo,(579)261-4046,dorothy2687go@live.com
13172,Quinton Stoglin,(416)639-6420,qui.sto1994@msn.com
10575,Val Koschnick,(587)479-9793,v.kosc1988@yahoo.ca
14177,Lacy Roycroft,(204)481-4139,la.royc1952@msn.com
10014,Leticia Fruzzetti,(604)292-9129,leticiafruzzetti@aol.com
13213,Carra Gallaugher,(819)475-6073,cagalla@hotmail.com
11640,Jerrica Pockrandt,(819)247-7951,jerpock@live.com
10135,Kathryn Calisto,(468)906-4520,kathryncal@msn.com
10460,Stella Derk,(867)200-9920,ste1077@gmail.com
12107,Karolyn Neibarger,(683)742-7595,karolynneibarger1242@hotmail.com
10749,Jaxson Schunk,(782)617-6678,jaxsonsch@outlook.com
14282,Earlene Sengmany,(368)385-5224,sengmany1961@yahoo.ca
13008,Preston Marowski,(418)599-4089,pre2127@msn.com
11222,Eugene Macmillen,(902)564-3292,eugenemacmillen1236@outlook.com
10395,Deena Najarro,(753)382-8278,de.naj1977@outlook.com
12821,Elisa Minikel,(683)607-8735,elisaminikel1890@msn.com
10922,Tammy Wittels,(705)840-4661,tammywittels@hotmail.com
14503,Buddy Meuleners,(867)497-6337,buddy718meul@gmail.com
12507,Carson Colyott,(519)548-8989,carsoncolyott1432@aol.com
11193,Ashanti Annesley,(514)329-1697,ashanti.anne@yahoo.ca
11869,Rodolfo Engelhorn,(780)544-2665,engelhorn1983@gmail.com
13942,Libby Scarantino,(506)599-7161,li1807@gmail.com
14059,Marilee Fread,(780)798-1698,marfr@aol.com
14061,Mathilde Osmanski,(647)694-7103,mathildeosmanski2260@gmail.com
11383,Heidi Bomer,(683)585-8845,heidibo@gmail.com
12221,Martha Considine,(867)223-7060,mar.cons1987@outlook.com
14167,Gwen Thorsness,(343)563-5270,gwthor@yahoo.com
13551,Jabari Romjue,(867)480-2363,romjue1982@yahoo.com
13497,Gloria Affeldt,(867)922-6942,glo2161@live.com
13983,Milton Bueker,(474)557-2506,mil1717@hotmail.com
12486,Benjamin Dornbusch,(782)618-6392,dornbusch1951@hotmail.com
12770,Alvie Bozza,(683)743-2988,alvie.bo@gmail.com
13353,Brandan Alexandre,(782)400-5905,bra2469@live.com
12446,Eduardo Jenema,(683)424-9322,eduardojenema@hotmail.com
13072,Bob Hurner,(249)994-8544,bob.hur@aol.com
12430,Elsie Cheda,(639)764-1757,el.ch1977@gmail.com
10764,Alyson Molea,(825)589-6395,aly.mo1952@live.com
14632,Jennie Steinel,(249)672-2032,jennie.ste@live.com
13388,Laurie Delmotte,(902)652-3472,lau.delm1991@gmail.com
14031,Clark Hitchins,(778)762-5463,clarkhitc@aol.com
14804,Freddy Laczynski,(867)715-4704,freddy.lacz@yahoo.ca
13129,Phil Ruske,(778)345-7301,philruske1594@outlook.com
13106,Carlos Brolsma,(354)395-6362,carlosbro@yahoo.com
13797,Terry Mackool,(365)222-9641,te.mac1986@hotmail.com
14171,Vollie Dewett,(250)293-4841,voldew@gmail.com
14481,Katheryn Isely,(354)729-7388,kath2221@yahoo.ca
12749,Chris Diguglielmo,(289)385-2907,chris.digug@live.com
14362,Gregory Nemati,(647)300-9166,gre.nem1978@msn.com
14741,Ann Stephenson,(604)286-6283,annstephenson@aol.com
12400,Spencer Lenhof,(782)363-7632,spencerlen@aol.com
10748,Dillan Gilhuly,(474)964-3448,dillan2934gil@aol.com
10099,Bradford Leiterman,(236)734-5069,brad1816@outlook.com
11846,Suzanne Rosera,(418)856-4873,suz.ros1958@aol.com
13309,Nona Lippiatt,(613)296-8833,nonalippiatt@yahoo.com
10509,Natalia Blong,(709)849-8368,natbl@yahoo.ca
13114,Elisabeth Homan,(819)780-7456,homan1963@msn.com
12073,Augustine Ricca,(403)548-4879,augustinericca2826@gmail.com
13112,Stella Maddigan,(204)470-4671,stellamaddigan@outlook.com
10727,Jolene Vernal,(579)848-5339,jolene1010ver@yahoo.ca
14696,Jerry Vencil,(753)322-4413,jerryvencil@msn.com
13219,Lillie Yerian,(782)626-3478,lil601@msn.com
11140,Park Hattery,(867)998-6191,parkhattery149@live.com
